updateDate,code,code_name,english_code
2020-12-28,sh.600006,东风汽车,Dongfeng Motor
2020-12-28,sh.600008,首创股份,Capital Shares
2020-12-28,sh.600021,上海电力,Shanghai Electric Power
2020-12-28,sh.600022,山东钢铁,Shandong Iron and Steel
2020-12-28,sh.600026,中远海能,COSCO SHIPPING Energy
2020-12-28,sh.600037,歌华有线,Gehua Cable
2020-12-28,sh.600038,中直股份,"Zhongzhi Co., Ltd."
2020-12-28,sh.600039,四川路桥,Sichuan Luqiao
2020-12-28,sh.600053,九鼎投资,Jiuding Investment
2020-12-28,sh.600056,中国医药,Chinese Medicine
2020-12-28,sh.600060,海信视像,Hisense Video
2020-12-28,sh.600062,华润双鹤,China Resources Double Crane
2020-12-28,sh.600064,南京高科,Nanjing Hi-Tech
2020-12-28,sh.600073,上海梅林,Shanghai Merlin
2020-12-28,sh.600079,人福医药,Renfu Pharmaceutical
2020-12-28,sh.600089,特变电工,TBEA Electrician
2020-12-28,sh.600094,大名城,Daimyo Castle
2020-12-28,sh.600120,浙江东方,Zhejiang Oriental
2020-12-28,sh.600126,杭钢股份,"Hangzhou Iron and Steel Co., Ltd."
2020-12-28,sh.600131,国网信通,State Grid Information and Communications
2020-12-28,sh.600132,重庆啤酒,chongqing beer
2020-12-28,sh.600141,兴发集团,Xingfa Group
2020-12-28,sh.600143,金发科技,Kingfa Technology
2020-12-28,sh.600153,建发股份,"C&D Co., Ltd."
2020-12-28,sh.600155,华创阳安,Hua Chuang Yang'an
2020-12-28,sh.600158,中体产业,China Sports Industry
2020-12-28,sh.600160,巨化股份,"Juhua Co., Ltd."
2020-12-28,sh.600166,福田汽车,Foton Motors
2020-12-28,sh.600167,联美控股,United Artists Holdings
2020-12-28,sh.600170,上海建工,Shanghai Construction Engineering
2020-12-28,sh.600171,上海贝岭,Shanghai Belling
2020-12-28,sh.600188,兖州煤业,Yanzhou Coal Mining
2020-12-28,sh.600195,中牧股份,"China Animal Husbandry Co., Ltd."
2020-12-28,sh.600201,生物股份,Biological shares
2020-12-28,sh.600216,浙江医药,Zhejiang Medicine
2020-12-28,sh.600219,南山铝业,Nanshan Aluminum
2020-12-28,sh.600256,广汇能源,Guanghui Energy
2020-12-28,sh.600258,首旅酒店,BTG Hotel
2020-12-28,sh.600259,广晟有色,Guangsheng Nonferrous
2020-12-28,sh.600260,凯乐科技,Kaile Technology
2020-12-28,sh.600266,城建发展,Urban construction and development
2020-12-28,sh.600273,嘉化能源,Jiahua Energy
2020-12-28,sh.600277,亿利洁能,Yili Clean Energy
2020-12-28,sh.600282,南钢股份,"Nangang Co., Ltd."
2020-12-28,sh.600291,西水股份,Xishui Shares
2020-12-28,sh.600307,酒钢宏兴,Jiugang Hongxing
2020-12-28,sh.600312,平高电气,Pinggao Electric
2020-12-28,sh.600315,上海家化,Shanghai Jahwa
2020-12-28,sh.600316,洪都航空,Hongdu Airlines
2020-12-28,sh.600325,华发股份,Huafa shares
2020-12-28,sh.600329,中新药业,Zhongxin Pharmaceutical
2020-12-28,sh.600338,西藏珠峰,Mount Everest in Tibet
2020-12-28,sh.600339,中油工程,CNPC Engineering
2020-12-28,sh.600348,阳泉煤业,Yangquan Coal Industry
2020-12-28,sh.600350,山东高速,Shandong Expressway
2020-12-28,sh.600372,中航电子,AVIC Electronics
2020-12-28,sh.600373,中文传媒,Chinese media
2020-12-28,sh.600376,首开股份,First shares
2020-12-28,sh.600380,健康元,health yuan
2020-12-28,sh.600388,龙净环保,Longjing Environmental Protection
2020-12-28,sh.600392,盛和资源,Shenghe Resources
2020-12-28,sh.600398,海澜之家,Heilan Home
2020-12-28,sh.600409,三友化工,Sanyou Chemical
2020-12-28,sh.600410,华胜天成,Huashengtiancheng
2020-12-28,sh.600415,小商品城,Commodity City
2020-12-28,sh.600418,江淮汽车,Jianghuai Automobile
2020-12-28,sh.600426,华鲁恒升,Hualu Hengsheng
2020-12-28,sh.600435,北方导航,Northern Navigation
2020-12-28,sh.600446,金证股份,Jinzheng Shares
2020-12-28,sh.600460,士兰微,Shilanwei
2020-12-28,sh.600466,蓝光发展,Blu-ray development
2020-12-28,sh.600486,扬农化工,Yangnong Chemical
2020-12-28,sh.600497,驰宏锌锗,Chihong zinc germanium
2020-12-28,sh.600500,中化国际,Sinochem International
2020-12-28,sh.600507,方大特钢,Fangda Special Steel
2020-12-28,sh.600511,国药股份,Sinopharm
2020-12-28,sh.600515,海航基础,HNA Basics
2020-12-28,sh.600516,方大炭素,Fangda Carbon
2020-12-28,sh.600517,国网英大,State Grid Yingda
2020-12-28,sh.600528,中铁工业,China Railway Industry
2020-12-28,sh.600529,山东药玻,Shandong Pharmaceutical Glass
2020-12-28,sh.600535,天士力,Tasly
2020-12-28,sh.600545,卓郎智能,Takuro intelligence
2020-12-28,sh.600546,山煤国际,Shanmei International
2020-12-28,sh.600549,厦门钨业,Xiamen Tungsten Industry
2020-12-28,sh.600556,天下秀,Show all over the world
2020-12-28,sh.600563,法拉电子,Fara Electronics
2020-12-28,sh.600566,济川药业,Jichuan Pharmaceutical
2020-12-28,sh.600567,山鹰国际,Shanying International
2020-12-28,sh.600572,康恩贝,corn bay
2020-12-28,sh.600575,淮河能源,Huaihe Energy
2020-12-28,sh.600580,卧龙电驱,Wolong electric drive
2020-12-28,sh.600582,天地科技,Tiandi Technology
2020-12-28,sh.600597,光明乳业,Bright Dairy
2020-12-28,sh.600598,北大荒,Beidahuang
2020-12-28,sh.600623,华谊集团,Huayi Group
2020-12-28,sh.600633,浙数文化,Zhejiang Culture
2020-12-28,sh.600639,浦东金桥,Pudong Jinqiao
2020-12-28,sh.600640,号百控股,Haobai Holdings
2020-12-28,sh.600642,申能股份,Shenergy
2020-12-28,sh.600643,爱建集团,Aijian Group
2020-12-28,sh.600645,中源协和,Zhongyuan Xiehe
2020-12-28,sh.600648,外高桥,Waigaoqiao
2020-12-28,sh.600649,城投控股,Chengtou Holdings
2020-12-28,sh.600657,信达地产,Cinda Real Estate
2020-12-28,sh.600664,哈药股份,"Harbin Pharmaceutical Co., Ltd."
2020-12-28,sh.600667,太极实业,Tai Chi Industrial
2020-12-28,sh.600673,东阳光,east sunshine
2020-12-28,sh.600675,中华企业,Chinese Enterprise
2020-12-28,sh.600699,均胜电子,Joyson Electronics
2020-12-28,sh.600704,物产中大,Property Zhongda
2020-12-28,sh.600707,彩虹股份,Rainbow shares
2020-12-28,sh.600717,天津港,Tianjin harbor
2020-12-28,sh.600718,东软集团,Neusoft Group
2020-12-28,sh.600728,佳都科技,Jiadu Technology
2020-12-28,sh.600729,重庆百货,Chongqing Department Store
2020-12-28,sh.600733,北汽蓝谷,BAIC Blue Valley
2020-12-28,sh.600737,中粮糖业,COFCO Sugar
2020-12-28,sh.600739,辽宁成大,Liaoning Chengda University
2020-12-28,sh.600748,上实发展,SI Development
2020-12-28,sh.600754,锦江酒店,Jinjiang Hotel
2020-12-28,sh.600755,厦门国贸,Xiamen International Trade
2020-12-28,sh.600765,中航重机,AVIC Heavy Machinery
2020-12-28,sh.600776,东方通信,Eastern Communications
2020-12-28,sh.600779,水井坊,shuijingfang
2020-12-28,sh.600782,新钢股份,"New Steel Co., Ltd."
2020-12-28,sh.600787,中储股份,"China Reserve Co., Ltd."
2020-12-28,sh.600801,华新水泥,Huaxin Cement
2020-12-28,sh.600804,鹏博士,Dr. Peng
2020-12-28,sh.600808,马钢股份,"Maanshan Iron and Steel Co., Ltd."
2020-12-28,sh.600811,东方集团,Eastern Group
2020-12-28,sh.600820,隧道股份,Tunnel shares
2020-12-28,sh.600823,世茂股份,"Shimao Co., Ltd."
2020-12-28,sh.600827,百联股份,Bailian shares
2020-12-28,sh.600835,上海机电,Shanghai Electromechanical
2020-12-28,sh.600839,四川长虹,Sichuan Changhong
2020-12-28,sh.600859,王府井,Wangfujing
2020-12-28,sh.600862,中航高科,AVIC Hi-Tech
2020-12-28,sh.600863,内蒙华电,Inner Mongolia Huadian
2020-12-28,sh.600867,通化东宝,Tonghua Dongbao
2020-12-28,sh.600869,智慧能源,Smart energy
2020-12-28,sh.600871,石化油服,Petrochemical and oil services
2020-12-28,sh.600875,东方电气,Dongfang Electric
2020-12-28,sh.600879,航天电子,Aerospace electronics
2020-12-28,sh.600881,亚泰集团,Yatai Group
2020-12-28,sh.600884,杉杉股份,Shanshan Shares
2020-12-28,sh.600885,宏发股份,Hongfa shares
2020-12-28,sh.600895,张江高科,Zhangjiang Hi-Tech
2020-12-28,sh.600901,江苏租赁,Jiangsu leasing
2020-12-28,sh.600903,贵州燃气,Guizhou Gas
2020-12-28,sh.600908,无锡银行,Wuxi Bank
2020-12-28,sh.600909,华安证券,Huaan Securities
2020-12-28,sh.600917,重庆燃气,Chongqing Gas
2020-12-28,sh.600928,西安银行,Bank of Xi'an
2020-12-28,sh.600959,江苏有线,Jiangsu Cable
2020-12-28,sh.600967,内蒙一机,Inner Mongolia one machine
2020-12-28,sh.600968,海油发展,Offshore Oil Development
2020-12-28,sh.600970,中材国际,Sinoma International
2020-12-28,sh.600985,淮北矿业,Huaibei Mining
2020-12-28,sh.601000,唐山港,Tangshan Port
2020-12-28,sh.601003,柳钢股份,"Liuzhou Iron and Steel Co., Ltd."
2020-12-28,sh.601005,重庆钢铁,Chongqing Iron and Steel
2020-12-28,sh.601016,节能风电,Energy saving wind power
2020-12-28,sh.601068,中铝国际,Chinalco International
2020-12-28,sh.601098,中南传媒,Central South Media
2020-12-28,sh.601099,太平洋,pacific ocean
2020-12-28,sh.601106,中国一重,China First Heavy Industry
2020-12-28,sh.601118,海南橡胶,Hainan Rubber
2020-12-28,sh.601127,小康股份,Xiaokang shares
2020-12-28,sh.601128,常熟银行,Changshu Bank
2020-12-28,sh.601139,深圳燃气,Shenzhen Gas
2020-12-28,sh.601168,西部矿业,Western Mining
2020-12-28,sh.601179,中国西电,China Western Electric
2020-12-28,sh.601200,上海环境,Shanghai environment
2020-12-28,sh.601228,广州港,Guangzhou Port
2020-12-28,sh.601233,桐昆股份,Tongkun shares
2020-12-28,sh.601298,青岛港,Qingdao Port
2020-12-28,sh.601333,广深铁路,Guangzhou-Shenzhen Railway
2020-12-28,sh.601456,国联证券,Guolian Securities
2020-12-28,sh.601512,中新集团,China New Group
2020-12-28,sh.601598,中国外运,Sinotrans
2020-12-28,sh.601608,中信重工,CITIC Heavy Industries
2020-12-28,sh.601611,中国核建,china nuclear construction
2020-12-28,sh.601615,明阳智能,Mingyang Intelligence
2020-12-28,sh.601689,拓普集团,Top Group
2020-12-28,sh.601699,潞安环能,Lu'an Environmental Energy
2020-12-28,sh.601717,郑煤机,Zhengmeiji
2020-12-28,sh.601718,际华集团,Jihua Group
2020-12-28,sh.601778,晶科科技,Jinko Technology
2020-12-28,sh.601799,星宇股份,Xingyu Shares
2020-12-28,sh.601801,皖新传媒,Wanxin Media
2020-12-28,sh.601828,美凯龙,Macalline
2020-12-28,sh.601860,紫金银行,Zijin Bank
2020-12-28,sh.601865,福莱特,Follett
2020-12-28,sh.601866,中远海发,COSCO Shipping
2020-12-28,sh.601869,长飞光纤,YOFC fiber optic
2020-12-28,sh.601880,大连港,Dalian Port
2020-12-28,sh.601928,凤凰传媒,Phoenix Media
2020-12-28,sh.601958,金钼股份,"Gold Molybdenum Co., Ltd."
2020-12-28,sh.601966,玲珑轮胎,Linglong Tire
2020-12-28,sh.601969,海南矿业,Hainan Mining
2020-12-28,sh.601975,招商南油,China Merchants Nanyou
2020-12-28,sh.601992,金隅集团,BBMG Group
2020-12-28,sh.601997,贵阳银行,Bank of Guiyang
2020-12-28,sh.603000,人民网,People's Daily Online
2020-12-28,sh.603056,德邦股份,Debon shares
2020-12-28,sh.603077,和邦生物,Hebang Biotechnology
2020-12-28,sh.603198,迎驾贡酒,Welcome wine
2020-12-28,sh.603225,新凤鸣,Xin Fengming
2020-12-28,sh.603228,景旺电子,Jingwang Electronics
2020-12-28,sh.603256,宏和科技,Honghe Technology
2020-12-28,sh.603260,合盛硅业,Hesheng Silicon Industry
2020-12-28,sh.603290,斯达半导,Star Semiconductor
2020-12-28,sh.603317,天味食品,Tenmi foods
2020-12-28,sh.603328,依顿电子,Eaton Electronics
2020-12-28,sh.603338,浙江鼎力,Zhejiang Dingli
2020-12-28,sh.603345,安井食品,Yasui Foods
2020-12-28,sh.603355,莱克电气,Lake Electric
2020-12-28,sh.603377,东方时尚,Oriental fashion
2020-12-28,sh.603379,三美股份,"Sanmei Co., Ltd."
2020-12-28,sh.603444,吉比特,Gigabit
2020-12-28,sh.603486,科沃斯,Cobos
2020-12-28,sh.603515,欧普照明,Op Lighting
2020-12-28,sh.603568,伟明环保,Weiming Environmental Protection
2020-12-28,sh.603589,口子窖,kouzijiao
2020-12-28,sh.603605,珀莱雅,PROYA
2020-12-28,sh.603638,艾迪精密,Eddie Precision
2020-12-28,sh.603650,彤程新材,Tongcheng New Materials
2020-12-28,sh.603708,家家悦,Jiajiayue
2020-12-28,sh.603712,七一二,seven one two
2020-12-28,sh.603719,良品铺子,Bestore
2020-12-28,sh.603737,三棵树,three trees
2020-12-28,sh.603786,科博达,Koboda
2020-12-28,sh.603806,福斯特,foster
2020-12-28,sh.603816,顾家家居,Gujia Home Furnishing
2020-12-28,sh.603858,步长制药,Buchang Pharmaceutical
2020-12-28,sh.603866,桃李面包,Peach and plum bread
2020-12-28,sh.603868,飞科电器,Feike Electric
2020-12-28,sh.603882,金域医学,Jinyu Medical
2020-12-28,sh.603883,老百姓,common people
2020-12-28,sh.603885,吉祥航空,Juneyao Airlines
2020-12-28,sh.603888,新华网,Xinhuanet
2020-12-28,sh.603893,瑞芯微,Rockchip
2020-12-28,sh.603927,中科软,Zhongkesoft
2020-12-28,sh.603983,丸美股份,"Marumi Co., Ltd."
2020-12-28,sh.688002,睿创微纳,Ruichuang Micronano
2020-12-28,sh.688029,南微医学,southern micromedicine
2020-12-28,sh.688088,虹软科技,ArcSoft Technology
2020-12-28,sh.688099,晶晨股份,Jingchen Shares
2020-12-28,sh.688321,微芯生物,Microchip Bio
2020-12-28,sz.000008,神州高铁,China High Speed ​​Rail
2020-12-28,sz.000009,中国宝安,"Baoan, China"
2020-12-28,sz.000012,南玻A,CSG A
2020-12-28,sz.000021,深科技,deep tech
2020-12-28,sz.000027,深圳能源,Shenzhen Energy
2020-12-28,sz.000028,国药一致,Sinopharm Accord
2020-12-28,sz.000031,大悦城,Joy
2020-12-28,sz.000039,中集集团,CIMC Group
2020-12-28,sz.000046,泛海控股,Oceanwide Holdings
2020-12-28,sz.000050,深天马A,Shen Tianma A
2020-12-28,sz.000060,中金岭南,CICC Lingnan
2020-12-28,sz.000061,农产品,agricultural products
2020-12-28,sz.000062,深圳华强,Shenzhen Huaqiang
2020-12-28,sz.000078,海王生物,Neptune creature
2020-12-28,sz.000089,深圳机场,Shenzhen Airport
2020-12-28,sz.000090,天健集团,Tianjian Group
2020-12-28,sz.000156,华数传媒,Wasu Media
2020-12-28,sz.000158,常山北明,Kitaaki Tsuneyama
2020-12-28,sz.000301,东方盛虹,Oriental Shenghong
2020-12-28,sz.000400,许继电气,Xu Ji Electric
2020-12-28,sz.000401,冀东水泥,Jidong Cement
2020-12-28,sz.000402,金融街,Financial Street
2020-12-28,sz.000415,渤海租赁,Bohai Leasing
2020-12-28,sz.000488,晨鸣纸业,Chenming Paper
2020-12-28,sz.000501,鄂武商A,Hubei Wushang A
2020-12-28,sz.000513,丽珠集团,Livzon Group
2020-12-28,sz.000519,中兵红箭,red arrow
2020-12-28,sz.000528,柳工,LiuGong
2020-12-28,sz.000537,广宇发展,Guangyu Development
2020-12-28,sz.000540,中天金融,Zhongtian Financial
2020-12-28,sz.000543,皖能电力,Anhui Electric Power
2020-12-28,sz.000547,航天发展,aerospace development
2020-12-28,sz.000553,安道麦A,ADAMA A
2020-12-28,sz.000559,万向钱潮,Wanxiang money tide
2020-12-28,sz.000563,陕国投A,Shaanxi Guotou A
2020-12-28,sz.000564,供销大集,Supply and marketing collection
2020-12-28,sz.000581,威孚高科,Weifu Hi-Tech
2020-12-28,sz.000598,兴蓉环境,Xingrong Environment
2020-12-28,sz.000600,建投能源,Jiantou Energy
2020-12-28,sz.000623,吉林敖东,Jilin Aodong
2020-12-28,sz.000629,攀钢钒钛,Panzhihua Iron and Steel Vanadium Titanium
2020-12-28,sz.000630,铜陵有色,Tongling Nonferrous
2020-12-28,sz.000636,风华高科,Fenghua Hi-Tech
2020-12-28,sz.000681,视觉中国,Visual China
2020-12-28,sz.000685,中山公用,Nakayama public use
2020-12-28,sz.000686,东北证券,Northeast Securities
2020-12-28,sz.000690,宝新能源,Bao New Energy
2020-12-28,sz.000709,河钢股份,HBIS
2020-12-28,sz.000717,韶钢松山,Shaogang Songshan
2020-12-28,sz.000718,苏宁环球,Suning Global
2020-12-28,sz.000729,燕京啤酒,Yanjing Beer
2020-12-28,sz.000732,泰禾集团,Tahoe Group
2020-12-28,sz.000738,航发控制,Aviation control
2020-12-28,sz.000739,普洛药业,Puluo Pharmaceutical
2020-12-28,sz.000750,国海证券,Guohai Securities
2020-12-28,sz.000758,中色股份,"China Nonferrous Metals Co., Ltd."
2020-12-28,sz.000778,新兴铸管,Xinxing Cast Pipe
2020-12-28,sz.000807,云铝股份,"Yunnan Aluminum Co., Ltd."
2020-12-28,sz.000813,德展健康,Dezhan Health
2020-12-28,sz.000825,太钢不锈,TISCO stainless steel
2020-12-28,sz.000826,启迪环境,enlightening environment
2020-12-28,sz.000830,鲁西化工,Luxi Chemical Industry
2020-12-28,sz.000869,张裕A,Changyu A
2020-12-28,sz.000877,天山股份,Tianshan shares
2020-12-28,sz.000878,云南铜业,Yunnan Copper Industry
2020-12-28,sz.000883,湖北能源,Hubei Energy
2020-12-28,sz.000887,中鼎股份,"Zhongding Co., Ltd."
2020-12-28,sz.000898,鞍钢股份,"Anshan Iron and Steel Co., Ltd."
2020-12-28,sz.000930,中粮科技,COFCO Technology
2020-12-28,sz.000932,华菱钢铁,Valin Steel
2020-12-28,sz.000937,冀中能源,Jizhong Energy
2020-12-28,sz.000959,首钢股份,"Shougang Co., Ltd."
2020-12-28,sz.000960,锡业股份,Tin industry shares
2020-12-28,sz.000967,盈峰环境,Infore Environment
2020-12-28,sz.000970,中科三环,Zhongke Third Ring Road
2020-12-28,sz.000975,银泰黄金,Yintai Gold
2020-12-28,sz.000983,山西焦煤,Shanxi coking coal
2020-12-28,sz.000988,华工科技,Huagong Technology
2020-12-28,sz.000990,诚志股份,Chengzhi Shares
2020-12-28,sz.000997,新大陆,New World
2020-12-28,sz.000998,隆平高科,Longping Hi-Tech
2020-12-28,sz.000999,华润三九,China Resources Sanjiu
2020-12-28,sz.001872,招商港口,China Merchants Port
2020-12-28,sz.001914,招商积余,Investment surplus
2020-12-28,sz.002002,鸿达兴业,Hongda Xingye
2020-12-28,sz.002004,华邦健康,Winbond Health
2020-12-28,sz.002010,传化智联,Chuanhua Zhilian
2020-12-28,sz.002013,中航机电,AVIC Electromechanical
2020-12-28,sz.002019,亿帆医药,Yifan Pharmaceutical
2020-12-28,sz.002028,思源电气,Siyuan Electric
2020-12-28,sz.002030,达安基因,Da'an Gene
2020-12-28,sz.002038,双鹭药业,Shuanglu Pharmaceutical
2020-12-28,sz.002048,宁波华翔,Ningbo Huaxiang
2020-12-28,sz.002051,中工国际,CAMCE
2020-12-28,sz.002056,横店东磁,Hengdian East Magnetics
2020-12-28,sz.002064,华峰氨纶,Huafeng spandex
2020-12-28,sz.002074,国轩高科,Guoxuan Hi-Tech
2020-12-28,sz.002075,沙钢股份,"Shagang Co., Ltd."
2020-12-28,sz.002078,太阳纸业,sun paper
2020-12-28,sz.002080,中材科技,Sinoma Technology
2020-12-28,sz.002081,金螳螂,golden mantis
2020-12-28,sz.002085,万丰奥威,Wanfeng Aowei
2020-12-28,sz.002092,中泰化学,Zhongtai Chemical
2020-12-28,sz.002093,国脉科技,Guomai Technology
2020-12-28,sz.002110,三钢闽光,Sangang Minguang
2020-12-28,sz.002124,天邦股份,Tianbang shares
2020-12-28,sz.002128,露天煤业,Surface coal industry
2020-12-28,sz.002131,利欧股份,Leo shares
2020-12-28,sz.002138,顺络电子,Sunlord Electronics
2020-12-28,sz.002152,广电运通,Radio and Television Express
2020-12-28,sz.002155,湖南黄金,Hunan Gold
2020-12-28,sz.002156,通富微电,Tongfu Microelectronics
2020-12-28,sz.002174,游族网络,Youzu.com
2020-12-28,sz.002183,怡亚通,Eternal Asia
2020-12-28,sz.002185,华天科技,Huatian Technology
2020-12-28,sz.002191,劲嘉股份,Jinjia shares
2020-12-28,sz.002195,二三四五,two three four five
2020-12-28,sz.002203,海亮股份,Hailiang Shares
2020-12-28,sz.002212,天融信,Tianrongxin
2020-12-28,sz.002217,合力泰,Holita
2020-12-28,sz.002221,东华能源,Donghua Energy
2020-12-28,sz.002223,鱼跃医疗,Yuyue Medical
2020-12-28,sz.002233,塔牌集团,Tapai Group
2020-12-28,sz.002242,九阳股份,Joyoung
2020-12-28,sz.002244,滨江集团,Binjiang Group
2020-12-28,sz.002249,大洋电机,Dayang Motor
2020-12-28,sz.002250,联化科技,Lianhua Technology
2020-12-28,sz.002266,浙富控股,Zhefu Holdings
2020-12-28,sz.002268,卫士通,Guardon
2020-12-28,sz.002273,水晶光电,Crystal Optoelectronics
2020-12-28,sz.002281,光迅科技,Guangxun Technology
2020-12-28,sz.002294,信立泰,Xin Litai
2020-12-28,sz.002299,圣农发展,Shengnong Development
2020-12-28,sz.002302,西部建设,Western construction
2020-12-28,sz.002317,众生药业,Zhongsheng Pharmaceutical
2020-12-28,sz.002340,格林美,GEM
2020-12-28,sz.002353,杰瑞股份,Jerry shares
2020-12-28,sz.002368,太极股份,Tai Chi shares
2020-12-28,sz.002372,伟星新材,Weixing New Materials
2020-12-28,sz.002373,千方科技,Qianfang Technology
2020-12-28,sz.002375,亚厦股份,Yaxia shares
2020-12-28,sz.002382,蓝帆医疗,Lanfan Medical
2020-12-28,sz.002385,大北农,dabeinong
2020-12-28,sz.002387,维信诺,Visionox
2020-12-28,sz.002390,信邦制药,Xinbang Pharmaceutical
2020-12-28,sz.002396,星网锐捷,StarNet Ruijie
2020-12-28,sz.002399,海普瑞,Hepalink
2020-12-28,sz.002408,齐翔腾达,Qixiang Tengda
2020-12-28,sz.002416,爱施德,Aishide
2020-12-28,sz.002419,天虹股份,Tianhong shares
2020-12-28,sz.002423,中粮资本,COFCO Capital
2020-12-28,sz.002424,贵州百灵,Guizhou Bailing
2020-12-28,sz.002429,兆驰股份,Zhaochi shares
2020-12-28,sz.002434,万里扬,Wan Liyang
2020-12-28,sz.002440,闰土股份,"Runtu Co., Ltd."
2020-12-28,sz.002444,巨星科技,Superstar Technology
2020-12-28,sz.002458,益生股份,Yisheng shares
2020-12-28,sz.002465,海格通信,Hager Communications
2020-12-28,sz.002468,申通快递,STO Express
2020-12-28,sz.002500,山西证券,Shanxi Securities
2020-12-28,sz.002503,搜于特,Search for special
2020-12-28,sz.002505,大康农业,Dakang Agriculture
2020-12-28,sz.002506,协鑫集成,GCL Integration
2020-12-28,sz.002507,涪陵榨菜,Fuling pickled mustard
2020-12-28,sz.002511,中顺洁柔,Zhongshunjierou
2020-12-28,sz.002544,杰赛科技,Jesse Technology
2020-12-28,sz.002557,洽洽食品,Qiaqia Food
2020-12-28,sz.002563,森马服饰,Semir clothing
2020-12-28,sz.002568,百润股份,Bairun shares
2020-12-28,sz.002572,索菲亚,sophia
2020-12-28,sz.002583,海能达,Hytera
2020-12-28,sz.002589,瑞康医药,Ruikang Pharmaceutical
2020-12-28,sz.002595,豪迈科技,Haomai Technology
2020-12-28,sz.002603,以岭药业,Yiling Pharmaceutical
2020-12-28,sz.002625,光启技术,Guangqi Technology
2020-12-28,sz.002635,安洁科技,Anjie Technology
2020-12-28,sz.002640,跨境通,Cross-border communication
2020-12-28,sz.002648,卫星石化,Satellite petrochemical
2020-12-28,sz.002653,海思科,Haisco
2020-12-28,sz.002670,国盛金控,Guosheng Financial Holdings
2020-12-28,sz.002683,宏大爆破,grand blast
2020-12-28,sz.002690,美亚光电,Meiya Optoelectronics
2020-12-28,sz.002701,奥瑞金,Origen
2020-12-28,sz.002705,新宝股份,Xinbao shares
2020-12-28,sz.002709,天赐材料,God-given materials
2020-12-28,sz.002745,木林森,Linsen
2020-12-28,sz.002791,坚朗五金,Kin Long Hardware
2020-12-28,sz.002797,第一创业,First business
2020-12-28,sz.002807,江阴银行,Jiangyin Bank
2020-12-28,sz.002815,崇达技术,Suntec Technology
2020-12-28,sz.002818,富森美,Fusenmei
2020-12-28,sz.002831,裕同科技,Yutong Technology
2020-12-28,sz.002839,张家港行,Zhangjiagang trip
2020-12-28,sz.002867,周大生,Zhou Dasheng
2020-12-28,sz.002901,大博医疗,Dabo Medical
2020-12-28,sz.002920,德赛西威,Desai SV
2020-12-28,sz.002925,盈趣科技,Yingqu Technology
2020-12-28,sz.002926,华西证券,West China Securities
2020-12-28,sz.002936,郑州银行,Bank of Zhengzhou
2020-12-28,sz.002941,新疆交建,Xinjiang Communications Construction
2020-12-28,sz.002946,新乳业,New Dairy
2020-12-28,sz.002948,青岛银行,Bank of Qingdao
2020-12-28,sz.002957,科瑞技术,Kerui Technology
2020-12-28,sz.002966,苏州银行,Suzhou Bank
2020-12-28,sz.002985,北摩高科,Beimo Hi-Tech
2020-12-28,sz.300001,特锐德,Triad
2020-12-28,sz.300002,神州泰岳,China Taiyue
2020-12-28,sz.300009,安科生物,Anke Biotechnology
2020-12-28,sz.300010,豆神教育,DouShen Education
2020-12-28,sz.300012,华测检测,CTI Testing
2020-12-28,sz.300017,网宿科技,Wangsu Technology
2020-12-28,sz.300024,机器人,robot
2020-12-28,sz.300026,红日药业,Hongri Pharmaceutical
2020-12-28,sz.300058,蓝色光标,blue cursor
2020-12-28,sz.300070,碧水源,Bishuiyuan
2020-12-28,sz.300072,三聚环保,Sanju Environmental Protection
2020-12-28,sz.300088,长信科技,Changxin Technology
2020-12-28,sz.300113,顺网科技,Shunwang Technology
2020-12-28,sz.300115,长盈精密,Changying Precision
2020-12-28,sz.300133,华策影视,Huace Film and Television
2020-12-28,sz.300134,大富科技,Dafu Technology
2020-12-28,sz.300146,汤臣倍健,BY-HEALTH
2020-12-28,sz.300166,东方国信,Oriental Guoxin
2020-12-28,sz.300168,万达信息,Wanda information
2020-12-28,sz.300180,华峰超纤,Huafeng Microfiber
2020-12-28,sz.300182,捷成股份,Jebsen Holdings
2020-12-28,sz.300207,欣旺达,Xinwanda
2020-12-28,sz.300212,易华录,Yi Hualu
2020-12-28,sz.300223,北京君正,Beijing Junzheng
2020-12-28,sz.300244,迪安诊断,Dean Diagnostics
2020-12-28,sz.300257,开山股份,Kaishan shares
2020-12-28,sz.300271,华宇软件,Huayu Software
2020-12-28,sz.300274,阳光电源,Sungrow
2020-12-28,sz.300285,国瓷材料,National porcelain materials
2020-12-28,sz.300296,利亚德,Riad
2020-12-28,sz.300315,掌趣科技,Palm Qu Technology
2020-12-28,sz.300316,晶盛机电,Jingsheng Electromechanical
2020-12-28,sz.300324,旋极信息,Polar information
2020-12-28,sz.300357,我武生物,My martial arts creature
2020-12-28,sz.300376,易事特,Easy
2020-12-28,sz.300418,昆仑万维,Kunlun Wanwei
2020-12-28,sz.300459,金科文化,Jinke Culture
2020-12-28,sz.300463,迈克生物,mike bio
2020-12-28,sz.300474,景嘉微,Jing Jiawei
2020-12-28,sz.300482,万孚生物,Wondfo Biotechnology
2020-12-28,sz.300496,中科创达,Zhongke Chuangda
2020-12-28,sz.300595,欧普康视,Opvision
2020-12-28,sz.300618,寒锐钴业,Hanrui Cobalt Industry
2020-12-28,sz.300630,普利制药,Puli Pharmaceutical
2020-12-28,sz.300699,光威复材,Guangwei composite materials
